{"count":1,"self":258.96445439999997,"total":602.43480809999994,"children":{"InitializeActuators":{"count":5,"self":0.0035072,"total":0.0035072,"children":null},"InitializeSensors":{"count":5,"self":0.0030017999999999998,"total":0.0030017999999999998,"children":null},"AgentSendState":{"count":178084,"self":7.5743535999999994,"total":10.5892346,"children":{"CollectObservations":{"count":178172,"self":0.6267737,"total":0.6267737,"children":null},"WriteActionMask":{"count":178085,"self":0.1616433,"total":0.1616433,"children":null},"RequestDecision":{"count":178085,"self":0.5113295,"total":2.2264635999999998,"children":{"AgentInfo.ToProto":{"count":178085,"self":0.4278652,"total":1.7151341,"children":{"GenerateSensorData":{"count":178085,"self":1.0344585,"total":1.2872689,"children":{"RayPerceptionSensor.Perceive":{"count":178085,"self":0.2528104,"total":0.2528104,"children":null}}}}}}}}},"DecideAction":{"count":177997,"self":332.0305664,"total":332.0305609,"children":null},"AgentAct":{"count":177997,"self":0.75838129999999992,"total":0.75838129999999992,"children":null},"AgentInfo.ToProto":{"count":4120,"self":0.0405004,"total":0.084624499999999991,"children":{"GenerateSensorData":{"count":4120,"self":0.0379975,"total":0.0441241,"children":{"RayPerceptionSensor.Perceive":{"count":4120,"self":0.0061265999999999994,"total":0.0061265999999999994,"children":null}}}}}},"gauges":{"Driver.CumulativeReward":{"count":4120,"max":10.6299934,"min":-13.9201908,"runningAverage":-2.81834769,"value":0.890001953,"weightedAverage":-1.77106225}},"metadata":{"timer_format_version":"0.1.0","start_time_seconds":"1717360342","unity_version":"2022.3.28f1","command_line_arguments":"C:\\Program Files\\Unity\\Hub\\Editor\\2022.3.28f1\\Editor\\Unity.exe -projectpath C:\\Users\\igorj\\source\\driving-course-for-ai\\driving-course-for-ai -useHub -hubIPC -cloudEnvironment production -licensingIpc LicenseClient-igorj -hubSessionId f9774dfd-c72d-46d1-9df0-42f835d9d5c4 -accessToken BOjR1Wvjalbxodo8S1l0TlFxU2_wLv9aHKO1hMHeGRc012f","communication_protocol_version":"1.5.0","com.unity.ml-agents_version":"2.0.1","scene_name":"MainScene","end_time_seconds":"1717360945"}}